Temps,T1,T2,T3,T4,T5,Pression,Force,Temps_Magna_Power,Voltage_Magna_Power,Courant_Magna_Power
0,20.99,21.5,21.13,21.48,18.36,82.6,325.2,2,27.1,0.27
0.2,20.99,21.51,21.11,21.48,18.36,82.6,325.62,2,27.1,1.06
0.4,21,21.53,21.11,21.47,18.34,82.6,326.18,3,46.6,1.06
0.6,20.99,21.53,21.11,21.47,18.35,82.6,327.25,3,46.6,1.8
0.8,21.06,21.53,21.14,21.48,18.34,82.6,327.98,3,66.6,1.8
1,21.18,21.57,21.2,21.5,18.34,82.6,328.48,3,70.4,2.07
1.2,21.42,21.61,21.4,21.61,18.34,82.6,329.23,4,70.4,2.07
1.4,21.62,21.94,21.67,21.98,18.33,82.6,329.94,4,59.3,1.87
1.6,21.87,22.3,21.9,22.25,18.33,82.6,330.62,4,59.3,2.03
1.8,22.31,22.81,22.24,22.55,18.38,82.6,331.23,4,57,2.03
2,22.72,23.5,22.69,23.05,18.38,82.6,332.13,4,57,2.13
2.2,23.26,24.24,23.14,23.54,18.35,82.6,332.59,5,55.4,2.13
2.4,23.87,25.16,23.62,24.04,18.37,82.61,332.98,5,54.3,2.16
2.6,24.45,26.17,24.21,24.71,18.39,82.64,333.63,5,54.3,2.16
2.8,25.1,27.29,24.68,25.34,18.4,82.62,333.73,5,53.7,2.16
3,25.78,28.57,25.33,26.01,18.39,82.63,334.29,5,53.7,2.2
3.2,26.5,29.89,25.9,26.72,18.39,82.64,334.58,6,53.4,2.2
3.4,27.17,31.27,26.47,27.47,18.4,82.62,334.93,6,53.4,2.2
3.6,27.88,32.67,27.15,28.19,18.42,82.61,335.58,6,53.3,2.2
3.8,28.68,34.2,27.8,28.93,18.42,82.6,336.07,6,52.9,2.2
4,29.45,35.71,28.37,29.71,18.44,82.6,336.71,6,52.9,2.2
4.2,30.13,37.27,29.09,30.52,18.41,82.6,337.55,6,52.9,2.22
4.4,30.93,38.87,29.72,31.36,18.4,82.6,338.29,7,52.9,2.22
4.6,31.73,40.43,30.37,32.22,18.37,82.6,338.65,7,52.7,2.22
4.8,32.55,41.97,31.07,33.06,18.38,82.6,338.99,7,52.7,2.22
5,33.39,43.62,31.72,33.93,18.4,82.6,339.24,7,52.5,2.22
5.2,34.16,45.24,32.35,34.75,18.39,82.6,339.85,7,52.5,2.24
5.4,34.96,46.86,33.04,35.59,18.39,82.6,340.42,8,52.5,2.24
5.6,35.71,48.47,33.79,36.45,18.37,82.6,341,8,52.2,2.24
5.8,36.51,50.07,34.44,37.32,18.37,82.6,341.48,8,52.2,2.24
6,37.35,51.72,35.09,38.19,18.38,82.6,341.93,8,52,2.24
6.2,38.21,53.29,35.79,39.11,18.35,82.6,342.16,8,52,2.24
6.4,38.93,54.79,36.41,39.97,18.37,82.6,342.61,9,52.1,2.24
6.6,39.71,56.37,37.02,40.87,18.37,82.6,342.79,9,52,2.24
6.8,40.45,57.8,37.75,41.75,18.35,82.6,343.38,9,52,2.24
7,41.22,59.29,38.37,42.61,18.38,82.6,344.07,9,51.7,2.24
7.2,41.96,60.68,39.04,43.48,18.35,82.6,344.59,10,51.7,2.24
7.4,42.69,62.1,39.72,44.28,18.36,82.6,345.37,10,51.8,2.24
7.6,43.41,63.52,40.41,45.14,18.37,82.6,345.79,10,51.8,2.25
7.8,44.12,64.99,40.95,46.01,18.36,82.6,346.04,10,51.7,2.25
8,44.84,66.3,41.6,46.86,18.35,82.6,346.39,10,51.7,2.25
8.2,45.57,67.57,42.2,47.73,18.34,82.6,347.04,11,51.7,2.25
8.4,46.25,68.79,42.76,48.59,18.34,82.6,347.64,11,51.9,2.25
8.6,46.96,69.86,43.41,49.43,18.35,82.6,348.18,11,51.9,2.25
8.8,47.65,70.94,43.94,50.25,18.34,82.6,349.13,11,51.7,2.24
9,48.46,72.02,44.59,51.14,18.37,82.6,349.34,11,51.7,2.24
9.2,49.14,73,45.29,52.07,18.37,82.6,349.93,12,51.6,2.24
9.4,49.9,73.95,45.92,52.92,18.4,82.6,349.99,12,51.7,2.25
9.6,50.66,74.8,46.53,53.73,18.42,82.6,350.35,12,51.7,2.25
9.8,51.28,75.62,47.14,54.56,18.45,82.6,350.62,12,51.6,2.25
10,51.94,76.43,47.68,55.4,18.52,82.6,351.06,12,51.6,2.25
10.2,52.63,77.13,48.33,56.25,18.5,82.6,351.17,13,51.5,2.25
10.4,53.39,77.94,49,57.15,18.68,82.6,351.1,13,51.5,2.25
10.6,53.99,78.55,49.48,57.87,18.56,82.6,351.73,13,51.5,2.25
10.8,54.64,78.97,50.03,58.55,18.5,82.6,352.25,13,51.3,2.25
11,55.3,79.63,50.67,59.47,18.64,82.6,352.67,13,51.3,2.25
11.2,55.83,79.99,51.2,60.2,18.5,82.6,352.93,13,51.4,2.27
11.4,56.41,80.41,51.63,60.94,18.48,82.6,353.29,14,51.4,2.27
11.6,56.95,80.76,52.24,61.73,18.45,82.6,352.81,14,51.3,2.27
11.8,57.59,80.98,52.65,62.43,18.44,82.6,352.81,14,51.3,2.27
12,58.3,81.45,53.34,63.36,18.54,82.6,354.18,15,51.2,2.27
12.2,58.82,81.73,53.83,64.05,18.44,82.6,353.76,15,51.3,2.27
12.4,59.37,81.91,54.32,64.76,18.43,82.6,353.72,15,51.3,2.27
12.6,59.92,82.33,54.89,65.43,18.44,82.6,353.7,15,51.3,2.27
12.8,60.56,82.66,55.37,66.18,18.44,82.6,353.75,15,51.3,2.27
13,61.14,82.94,55.89,66.91,18.46,82.6,353.68,15,51.1,2.27
13.2,61.62,83.21,56.37,67.55,18.4,82.6,354.12,16,51.1,2.27
13.4,62.1,83.58,56.82,68.22,18.37,82.6,354.09,16,51.3,2.27
13.6,62.64,83.9,57.28,68.95,18.38,82.6,354.26,16,51.3,2.27
13.8,63.23,84.42,57.9,69.69,18.35,82.6,354.5,16,51.1,2.27
14,63.86,85.02,58.41,70.44,18.42,82.6,354.22,16,51.1,2.27
14.2,64.44,85.46,58.95,71.04,18.38,82.6,354.35,17,51.1,2.27
14.4,65,85.98,59.4,71.76,18.41,82.6,353.87,17,51.2,2.27
14.6,65.56,86.48,59.98,72.55,18.45,82.6,353.72,17,51.2,2.27
14.8,66.16,87.01,60.55,73.13,18.44,82.6,353.18,17,51.1,2.27
15,66.73,87.48,61.09,73.85,18.55,82.6,353.29,17,51.1,2.27
15.2,67.27,87.75,61.54,74.4,18.44,82.6,353.65,18,51.1,2.27
15.4,67.66,88.2,61.99,74.89,18.42,82.6,353.64,18,51.3,2.27
15.6,68.25,88.55,62.41,75.59,18.41,82.66,353.99,18,51.3,2.27
15.8,68.61,89.03,62.9,76.18,18.38,82.68,353.81,18,51.2,2.27
16,69.24,89.47,63.43,76.82,18.47,82.63,354.66,18,51.2,2.27
16.2,69.63,89.81,63.9,77.46,18.39,82.61,354.74,19,51.1,2.27
16.4,70.12,90.16,64.19,77.92,18.36,82.61,355.42,19,51.1,2.27
16.6,70.52,90.43,64.75,78.48,18.35,82.61,355.43,19,51.3,2.27
16.8,71.08,90.82,65.18,79.06,18.34,82.6,355,19,51.1,2.27
17,71.54,91.27,65.78,79.71,18.41,82.6,354.74,19,51.1,2.27
17.2,72.08,91.55,66.21,80.35,18.39,82.6,355.13,19,51.2,2.27
17.4,72.47,91.94,66.72,80.86,18.36,82.6,354.93,20,51.2,2.27
17.6,73.04,92.27,67.18,81.45,18.34,82.6,355.02,20,51.5,2.27
17.8,73.56,92.64,67.7,82.15,18.39,82.6,355.19,20,51.5,2.27
18,74.21,93.25,68.32,82.8,18.57,82.6,355.68,21,51.3,2.27
18.2,74.74,93.72,68.84,83.41,18.64,82.6,355.8,21,51.4,2.25
18.4,75.12,94.03,69.29,83.82,18.55,82.6,355.42,21,51.4,2.25
18.6,75.53,94.29,69.7,84.4,18.5,82.6,355.08,21,51.5,2.25
18.8,76.05,94.7,70.17,84.91,18.49,82.6,354.66,21,51.5,2.25
19,76.41,95.08,70.65,85.38,18.46,82.6,354.43,22,51.4,2.25
19.2,76.85,95.36,70.92,85.8,18.42,82.6,354.47,22,51.4,2.25
19.4,77.23,95.76,71.41,86.3,18.4,82.6,354.68,22,51.5,2.25
19.6,77.75,96.12,71.74,86.79,18.38,82.6,354.93,22,51.7,2.25
19.8,78.1,96.47,72.3,87.28,18.36,82.6,354.93,22,51.7,2.25
20,78.7,96.98,72.83,87.91,18.54,82.6,354.95,22,51.5,2.25
20.2,79.04,97.24,73.25,88.3,18.43,82.66,354.7,23,51.5,2.25
20.4,79.53,97.67,73.63,88.69,18.37,82.72,354.48,23,51.6,2.25
20.6,79.95,98,74.07,89.17,18.37,82.74,354.55,23,51.6,2.25
20.8,80.39,98.32,74.5,89.56,18.38,82.75,354.39,23,51.7,2.25
21,80.87,98.8,75,90.09,18.41,82.76,354.34,23,51.6,2.25
21.2,81.27,99.08,75.43,90.48,18.38,82.75,354.35,24,51.6,2.25
21.4,81.76,99.39,75.86,90.93,18.37,82.67,354.47,24,51.6,2.24
21.6,82.16,99.82,76.34,91.32,18.36,82.65,354.04,24,51.6,2.24
21.8,82.64,100.07,76.74,91.81,18.36,82.64,354.13,24,51.8,2.24
22,83.05,100.48,77.26,92.22,18.4,82.64,354.11,24,51.8,2.24
22.2,83.52,100.83,77.62,92.65,18.38,82.64,354.08,25,52,2.24
22.4,83.88,101.05,78.09,93.07,18.35,82.64,353.92,25,52,2.24
22.6,84.35,101.35,78.48,93.44,18.38,82.66,353.93,25,52,2.24
22.7999999999999,84.77,101.76,79,93.92,18.39,82.71,353.93,25,52,2.24
22.9999999999999,85.26,102.04,79.4,94.24,18.43,82.68,353.68,25,52,2.24
23.1999999999999,85.68,102.39,79.89,94.63,18.4,82.65,353.4,26,52,2.24
23.3999999999999,85.98,102.73,80.28,95.02,18.38,82.65,353.06,26,52,2.24
23.5999999999999,86.49,102.93,80.71,95.37,18.36,82.64,353.4,26,52,2.24
23.7999999999999,86.81,103.23,81.17,95.85,18.36,82.65,353.04,26,52.1,2.24
23.9999999999999,87.37,103.64,81.71,96.19,18.4,82.65,352.62,27,52.1,2.24
24.1999999999999,87.72,103.87,82.12,96.59,18.36,82.64,352.72,27,51.9,2.22
24.3999999999999,88.14,104.07,82.42,96.95,18.34,82.65,352.66,27,51.9,2.22
24.5999999999999,88.57,104.49,82.93,97.26,18.33,82.65,352.54,27,52.1,2.24
24.7999999999999,88.93,104.74,83.3,97.69,18.35,82.71,352.71,27,52.1,2.24
24.9999999999999,89.42,104.96,83.79,98.01,18.39,82.7,352,28,52.3,2.24
25.1999999999999,89.72,105.33,84.15,98.3,18.38,82.68,351.6,28,52.3,2.22
25.3999999999999,90.2,105.62,84.54,98.7,18.35,82.68,351.67,28,52.3,2.22
25.5999999999999,90.59,105.85,84.98,98.99,18.35,82.69,351.32,28,52.4,2.22
25.7999999999999,91.04,106.07,85.34,99.28,18.36,82.68,350.95,28,52.4,2.22
25.9999999999999,91.55,106.5,85.9,99.75,18.48,82.67,351.15,28,52.5,2.22
26.1999999999999,91.93,106.7,86.2,99.98,18.4,82.67,350.53,29,52.5,2.22
26.3999999999999,92.34,106.88,86.65,100.24,18.38,82.68,350.3,29,52.3,2.22
26.5999999999999,92.69,107.2,86.98,100.67,18.37,82.67,349.96,29,52.3,2.22
26.7999999999999,93.18,107.52,87.31,100.93,18.34,82.67,349.77,29,52.5,2.22
26.9999999999999,93.58,107.76,87.77,101.31,18.39,82.68,349.6,29,52.6,2.22
27.1999999999999,94.04,107.89,88.05,101.61,18.38,82.68,349.3,30,52.6,2.22
27.3999999999999,94.41,108.24,88.49,101.83,18.36,82.7,349.05,30,52.4,2.22
27.5999999999999,94.87,108.55,88.86,102.06,18.34,82.69,349.13,30,52.4,2.22
27.7999999999999,95.28,108.74,89.12,102.46,18.34,82.71,348.44,30,52.6,2.22
27.9999999999999,95.77,109,89.62,102.75,18.4,82.72,348.82,30,52.6,2.22
28.1999999999999,96.16,109.29,89.93,102.93,18.38,82.72,348.89,31,52.5,2.22
28.3999999999999,96.5,109.53,90.29,103.24,18.36,82.74,348.92,31,52.2,2.22
28.5999999999999,96.98,109.67,90.73,103.6,18.37,82.74,348.86,31,52.2,2.22
28.7999999999999,97.34,109.87,91.02,103.84,18.39,82.73,348.4,31,52.4,2.22
28.9999999999999,97.82,110.21,91.48,104.02,18.4,82.74,348.39,32,52.4,2.22
29.1999999999999,98.2,110.48,91.8,104.31,18.38,82.72,348.47,32,52.3,2.22
29.3999999999999,98.69,110.63,92.1,104.62,18.36,82.7,348.52,32,52.3,2.22
29.5999999999999,99.1,110.76,92.55,104.79,18.34,82.69,348.63,32,52.3,2.22
29.7999999999999,99.47,111.03,92.88,105.03,18.39,82.67,348.37,32,52.4,2.22
29.9999999999999,99.99,111.38,93.33,105.4,18.45,82.67,348.05,33,52.4,2.22
30.1999999999999,100.29,111.53,93.66,105.66,18.38,82.68,347.79,33,52.1,2.22
30.3999999999999,100.78,111.65,93.89,105.81,18.35,82.7,347.56,33,52.1,2.22
30.5999999999999,101.14,111.77,94.17,106.04,18.38,82.68,347.79,33,52.1,2.22
30.7999999999999,101.62,112.1,94.59,106.42,18.4,82.67,347.35,33,52.1,2.24
30.9999999999999,101.98,112.34,94.84,106.64,18.39,82.66,347.67,34,52.3,2.24
31.1999999999999,102.29,112.51,95.19,106.77,18.36,82.67,347.91,34,52.1,2.22
31.3999999999999,102.74,112.63,95.57,107.05,18.35,82.68,347.75,34,52.1,2.22
31.5999999999999,103.06,112.87,95.77,107.37,18.34,82.7,347.9,34,52,2.22
31.7999999999999,103.55,113.16,96.21,107.67,18.41,82.7,347.53,34,52,2.22
31.9999999999999,103.92,113.37,96.56,107.77,18.38,82.69,347.77,35,52.2,2.24
32.1999999999999,104.27,113.52,96.82,107.98,18.35,82.7,347.69,35,52.2,2.22
32.3999999999999,104.77,113.67,97.15,108.35,18.36,82.68,347.5,35,51.9,2.22
32.5999999999999,105.14,113.9,97.51,108.56,18.36,82.69,347.45,35,51.9,2.22
32.7999999999999,105.65,114.16,97.84,108.81,18.45,82.67,347.59,35,51.9,2.22
32.9999999999999,105.96,114.37,98.07,109.01,18.39,82.67,347.33,35,52.2,2.24
33.1999999999999,106.29,114.49,98.41,109.32,18.35,82.67,347.3,36,52.2,2.24
33.3999999999999,106.72,114.61,98.64,109.52,18.35,82.67,347.1,36,52,2.24
33.5999999999999,107.04,114.83,98.9,109.64,18.35,82.67,347.19,36,52,2.22
33.7999999999999,107.59,115.17,99.38,109.97,18.41,82.71,347.35,36,52,2.22
33.9999999999999,107.89,115.35,99.56,110.26,18.37,82.7,347.05,36,52,2.24
34.1999999999999,108.28,115.45,99.8,110.46,18.36,82.67,346.72,37,52.1,2.24
34.3999999999999,108.68,115.58,100.2,110.6,18.34,82.65,346.76,37,51.9,2.22
34.5999999999999,108.98,115.78,100.45,110.82,18.34,82.65,346.43,37,51.9,2.22
34.8,109.51,116.1,100.74,111.09,18.44,82.64,346.74,37,52,2.22
35,109.8,116.3,101.03,111.35,18.38,82.65,346.57,38,52,2.24
35.2,110.17,116.41,101.34,111.52,18.37,82.65,346.34,38,52,2.24
35.4,110.6,116.49,101.52,111.67,18.37,82.65,346.29,38,52,2.24
35.6,110.92,116.67,101.75,111.98,18.36,82.64,346.53,38,51.7,2.24
35.8,111.42,116.91,102.21,112.29,18.43,82.7,346.26,38,51.8,2.24
36,111.73,117.16,102.44,112.47,18.41,82.7,346.22,39,51.8,2.24
36.2,112,117.31,102.62,112.55,18.37,82.67,345.85,39,51.8,2.24
36.4,112.35,117.39,102.93,112.79,18.35,82.65,346.03,39,51.8,2.24
36.6,112.67,117.5,103.23,113.13,18.36,82.65,345.69,39,51.7,2.24
36.8,113.14,117.81,103.55,113.45,18.42,82.64,346.18,39,51.7,2.24
37,113.5,118,103.7,113.5,18.39,82.65,346.01,40,51.8,2.24
37.2,113.74,118.23,104.06,113.69,18.35,82.7,345.8,40,51.7,2.24
37.4,114.12,118.31,104.31,113.99,18.36,82.68,346,40,51.7,2.24
37.6,114.48,118.45,104.47,114.26,18.34,82.65,345.79,40,51.6,2.24
37.8,114.87,118.68,104.84,114.46,18.44,82.63,345.84,40,51.6,2.25
38,115.19,118.89,105.13,114.57,18.37,82.62,345.78,41,51.6,2.25
38.2,115.51,119.13,105.34,114.8,18.37,82.62,345.66,41,51.6,2.25
38.4,115.78,119.28,105.55,115.06,18.35,82.64,346.06,41,51.4,2.25
38.6,116.19,119.37,105.89,115.28,18.36,82.7,346.12,41,51.4,2.25
38.8,116.57,119.66,106.24,115.48,18.45,82.68,346.16,41,51.4,2.25
39,116.75,119.85,106.36,115.58,18.41,82.65,346.27,41,51.5,2.25
39.2,117.18,120.04,106.61,115.9,18.36,82.66,345.66,42,51.5,2.25
39.4,117.44,120.17,106.9,116.14,18.34,82.71,345.51,42,51.4,2.25
39.6,117.67,120.29,107.17,116.29,18.36,82.68,345.54,42,51.4,2.25
39.8,118.19,120.62,107.55,116.62,18.5,82.65,344.89,42,51.4,2.25
40,118.44,120.8,107.8,116.83,18.43,82.63,345.44,42,51.4,2.25
40.2,118.68,120.96,108.05,117.03,18.36,82.61,345.16,43,51.4,2.25
40.4,119.08,121.13,108.23,117.18,18.34,82.61,344.76,43,51.4,2.25
40.6,119.32,121.26,108.41,117.32,18.35,82.61,344.69,43,51.4,2.25
40.8,119.64,121.44,108.76,117.53,18.45,82.6,344.55,44,51.4,2.25
41,119.97,121.65,109.05,117.81,18.39,82.68,344.43,44,51.4,2.25
41.2,120.27,121.85,109.22,118.04,18.38,82.67,344.08,44,51.4,2.25
41.4000000000001,120.46,122.07,109.42,118.19,18.35,82.63,344.05,44,51.3,2.25
41.6000000000001,120.79,122.18,109.77,118.27,18.35,82.62,344.18,44,51.3,2.25
41.8000000000001,121.22,122.38,110.09,118.57,18.45,82.61,344.31,44,51.3,2.25
42.0000000000001,121.45,122.55,110.23,118.83,18.39,82.6,344.48,45,51.3,2.25
42.2000000000001,121.77,122.82,110.47,119.05,18.37,82.6,344.4,45,51.3,2.25
42.4000000000001,122.12,123.02,110.83,119.16,18.39,82.69,343.97,45,51.3,2.25
42.6000000000001,122.32,123.11,111.06,119.26,18.37,82.66,343.83,45,51.2,2.25
42.8000000000001,122.7,123.3,111.33,119.52,18.44,82.62,344.01,45,51.2,2.25
43.0000000000001,123.01,123.47,111.57,119.76,18.39,82.61,344.09,46,51.2,2.25
43.2000000000001,123.24,123.8,111.85,120,18.37,82.69,344.41,46,51.3,2.27
43.4000000000001,123.45,123.97,112.04,120.14,18.36,82.66,344.16,46,51.3,2.27
43.6000000000001,123.81,124.08,112.19,120.3,18.35,82.63,343.56,46,51.1,2.25
43.8000000000001,124.14,124.29,112.52,120.56,18.41,82.63,343.47,46,51.1,2.25
44.0000000000001,124.33,124.37,112.81,120.81,18.34,82.64,343.83,47,51.2,2.25
44.2000000000001,124.65,124.62,112.99,121.01,18.37,82.61,343.83,47,51.2,2.27
44.4000000000001,124.97,124.84,113.16,121.11,18.35,82.61,343.63,47,51.2,2.27
44.6000000000001,125.2,124.99,113.44,121.24,18.34,82.6,343.97,47,50.9,2.27
44.8000000000001,125.67,125.36,113.88,121.62,18.5,82.6,344.26,47,50.9,2.27
45.0000000000001,125.93,125.42,113.99,121.84,18.42,82.6,343.43,47,51.1,2.27
45.2000000000001,126.1,125.63,114.1,121.99,18.38,82.6,343.72,48,51.1,2.25
45.4000000000001,126.28,125.82,114.44,122.09,18.38,82.69,343.82,48,51.1,2.25
45.6000000000001,126.59,125.95,114.74,122.2,18.35,82.65,344.02,48,51.1,2.27
45.8000000000001,126.96,126.17,114.99,122.49,18.4,82.62,343.58,49,50.8,2.27
46.0000000000001,127.16,126.25,115.16,122.72,18.37,82.61,344.05,49,51,2.27
46.2000000000001,127.37,126.49,115.4,122.93,18.34,82.6,343.54,49,51,2.27
46.4000000000001,127.65,126.7,115.68,123.04,18.35,82.66,343.54,49,51,2.27
46.6000000000001,127.94,126.87,115.84,123.17,18.37,82.69,343.83,49,51,2.27
46.8000000000001,128.2,127.06,116.05,123.42,18.4,82.64,343.99,50,51,2.27
47.0000000000001,128.36,127.13,116.25,123.71,18.37,82.69,343.82,50,51,2.27
47.2000000000001,128.73,127.26,116.57,123.91,18.36,82.68,343.86,50,50.9,2.27
47.4000000000001,128.99,127.54,116.78,124.01,18.35,82.63,343.49,50,51,2.27
47.6000000000001,129.18,127.74,116.89,124.19,18.36,82.61,343.32,50,51,2.27
47.8000000000001,129.54,127.93,117.19,124.48,18.4,82.67,343.2,50,50.9,2.27
48.0000000000001,129.86,128.02,117.4,124.71,18.38,82.67,343.24,51,50.9,2.27
48.2000000000001,130,128.16,117.67,124.87,18.36,82.63,342.87,51,50.9,2.27
48.4000000000002,130.22,128.43,117.82,124.99,18.37,82.7,343.05,51,50.9,2.27
48.6000000000002,130.56,128.68,117.95,125.12,18.36,82.73,342.99,51,50.9,2.27
48.8000000000002,130.87,128.84,118.28,125.43,18.39,82.74,342.43,51,50.7,2.27
49.0000000000002,131.03,128.92,118.55,125.67,18.38,82.74,343.08,52,50.7,2.27
49.2000000000002,131.22,129.01,118.74,125.84,18.37,82.74,343.09,52,50.9,2.29
49.4000000000002,131.58,129.23,118.86,125.92,18.35,82.74,342.96,52,50.9,2.29
49.6000000000002,131.83,129.52,119.07,126.1,18.36,82.72,342.68,52,51,2.29
49.8000000000002,132.06,129.75,119.42,126.38,18.39,82.65,342.65,52,51,2.27
50.0000000000002,132.3,129.85,119.64,126.61,18.36,82.69,342.72,53,50.6,2.27
50.2000000000002,132.6,129.94,119.78,126.79,18.35,82.72,342.85,53,50.8,2.27
50.4000000000002,132.8,130.06,119.92,126.9,18.34,82.74,342.48,53,50.8,2.27
50.6000000000002,132.95,130.32,120.18,127.02,18.35,82.74,341.91,53,50.8,2.29
50.8000000000002,133.2,130.58,120.5,127.37,18.38,82.74,341.43,53,50.8,2.27
51.0000000000002,133.5,130.73,120.67,127.56,18.38,82.7,341.54,54,50.8,2.27
51.2000000000002,133.73,130.83,120.77,127.74,18.35,82.64,341.25,54,50.8,2.27
51.4000000000002,133.91,130.94,120.98,127.84,18.35,82.62,341.02,54,50.9,2.27
51.6000000000002,134.14,131.04,121.31,128.02,18.38,82.61,341.02,54,50.7,2.27
51.8000000000002,134.45,131.39,121.58,128.3,18.39,82.6,341.32,55,50.7,2.27
52.0000000000002,134.68,131.57,121.67,128.53,18.37,82.6,341.15,55,50.6,2.27
52.2000000000002,134.83,131.71,121.85,128.68,18.34,82.68,340.76,55,50.6,2.27
52.4000000000002,134.97,131.78,122.05,128.81,18.33,82.66,340.62,55,50.8,2.29
52.6000000000002,135.27,131.87,122.38,128.94,18.35,82.65,340.76,55,50.8,2.29
52.8000000000002,135.57,132.11,122.57,129.2,18.4,82.71,341.14,56,50.6,2.29
53.0000000000002,135.74,132.29,122.69,129.43,18.35,82.73,340.32,56,50.6,2.29
53.2000000000002,135.88,132.53,122.87,129.62,18.36,82.69,340.01,56,50.6,2.29
53.4000000000002,136.12,132.66,123.12,129.73,18.33,82.64,339.48,56,50.8,2.29
53.6000000000002,136.37,132.74,123.41,129.8,18.35,82.61,339.75,56,50.8,2.29
53.8000000000002,136.65,132.95,123.61,130.01,18.41,82.61,339.61,57,50.7,2.27
54.0000000000002,136.79,133.09,123.69,130.24,18.39,82.6,339.65,57,50.7,2.27
54.2000000000002,136.94,133.32,123.91,130.49,18.37,82.6,339.69,57,50.7,2.27
54.4000000000002,137.32,133.53,124.19,130.62,18.36,82.6,339.25,57,50.8,2.29
54.6000000000002,137.55,133.65,124.43,130.72,18.35,82.6,338.8,57,50.8,2.29
54.8000000000002,137.73,133.72,124.59,130.85,18.36,82.6,339.25,57,50.6,2.29
55.0000000000002,137.84,133.84,124.69,131.06,18.36,82.6,338.8,58,50.6,2.29
55.2000000000002,138.12,133.99,124.96,131.28,18.35,82.69,338.73,58,50.7,2.29
55.4000000000003,138.41,134.24,125.21,131.49,18.35,82.73,338.51,58,50.7,2.29
55.6000000000003,138.6,134.47,125.42,131.62,18.34,82.73,338.12,58,50.6,2.29
55.8000000000003,138.92,134.71,125.7,131.82,18.49,82.74,337.87,58,50.5,2.29
56.0000000000003,139.07,134.72,125.74,131.83,18.41,82.67,338.15,59,50.5,2.29
56.2000000000003,139.32,134.84,126.04,132.02,18.37,82.63,338.42,59,50.6,2.29
56.4000000000003,139.51,135.01,126.27,132.24,18.37,82.61,338.43,59,50.6,2.29
56.6000000000003,139.62,135.24,126.44,132.45,18.37,82.6,338.28,59,50.6,2.29
56.8000000000003,139.85,135.46,126.57,132.62,18.39,82.68,338.35,59,50.6,2.29
57.0000000000003,140.06,135.55,126.72,132.69,18.37,82.68,338.01,60,50.4,2.29
57.2000000000003,140.35,135.63,126.95,132.79,18.36,82.63,338.04,60,50.5,2.29
57.4000000000003,140.53,135.74,127.22,133,18.34,82.7,338.17,60,50.5,2.29
57.6000000000003,140.64,135.9,127.39,133.25,18.33,82.73,338.3,60,50.5,2.29
57.8000000000003,140.93,136.23,127.54,133.43,18.37,82.7,338.21,61,50.5,2.29
58.0000000000003,141.21,136.39,127.75,133.56,18.36,82.64,338.33,61,50.4,2.29
58.2000000000003,141.42,136.51,127.98,133.61,18.35,82.7,338.31,61,50.4,2.29
58.4000000000003,141.55,136.6,128.22,133.67,18.37,82.67,338.51,61,50.4,2.29
58.6000000000003,141.72,136.75,128.42,133.86,18.38,82.65,337.82,61,50.4,2.29
58.8000000000003,141.97,136.95,128.51,134.12,18.36,82.7,338,62,50.4,2.29
59.0000000000003,142.23,137.11,128.73,134.35,18.35,82.65,338.54,62,50.4,2.29
59.2000000000003,142.41,137.31,128.96,134.47,18.38,82.62,338.36,62,50.4,2.29
59.4000000000003,142.52,137.44,129.16,134.54,18.36,82.62,338.39,62,50.4,2.29
59.6000000000003,142.73,137.6,129.36,134.68,18.35,82.69,338.34,62,50.4,2.29
59.8000000000003,142.92,137.69,129.46,134.73,18.35,82.65,338.53,63,50.4,2.29
60.0000000000003,143.21,137.81,129.58,134.98,18.34,82.62,338.26,63,50.4,2.29
60.2000000000003,143.38,138.01,129.82,135.19,18.35,82.61,337.58,63,50.4,2.29
60.4000000000003,143.47,138.24,130.07,135.37,18.34,82.6,337.39,63,50.6,2.29
60.6000000000003,143.68,138.44,130.29,135.53,18.4,82.66,336.61,63,50.6,2.29
60.8000000000003,143.94,138.5,130.35,135.58,18.38,82.68,335.77,63,50.6,2.29
61.0000000000003,144.17,138.55,130.48,135.63,18.34,82.63,335.69,64,50.6,2.29
61.2000000000003,144.33,138.66,130.7,135.77,18.33,82.61,335.6,64,50.4,2.29
61.4000000000003,144.48,138.89,131.04,135.98,18.33,82.6,335.52,64,50.4,2.29
61.6000000000003,144.73,139.13,131.25,136.25,18.4,82.62,335.48,64,50.5,2.29
61.8000000000003,144.92,139.31,131.31,136.37,18.36,82.7,335.4,64,50.3,2.29
62.0000000000003,145.16,139.41,131.43,136.44,18.34,82.65,335.17,65,50.3,2.29
62.2000000000003,145.32,139.49,131.64,136.49,18.35,82.62,335.27,65,50.4,2.29
62.4000000000004,145.42,139.59,131.92,136.64,18.33,82.62,335.49,65,50.4,2.29
62.6000000000004,145.73,139.83,132.17,136.86,18.39,82.69,335.75,66,50.4,2.29
62.8000000000004,145.93,139.98,132.25,137.05,18.37,82.72,335.63,66,50.4,2.29
63.0000000000004,146.15,140.14,132.33,137.24,18.35,82.73,335.52,66,50.3,2.29
63.2000000000004,146.28,140.3,132.59,137.36,18.35,82.74,335.14,66,50.2,2.29
63.4000000000004,146.37,140.39,132.86,137.43,18.33,82.66,335.33,66,50.2,2.29
63.6000000000004,146.61,140.59,133.12,137.58,18.36,82.62,335.47,66,50.4,2.31
63.8000000000004,146.84,140.62,133.18,137.61,18.35,82.64,334.94,67,50.4,2.29
64.0000000000004,147.05,140.75,133.24,137.82,18.33,82.7,334.79,67,50.4,2.29
64.2000000000004,147.21,141,133.34,138.05,18.34,82.73,334.59,67,50.4,2.29
64.4000000000004,147.32,141.19,133.51,138.22,18.36,82.69,334.34,67,50.4,2.29
64.6000000000004,147.5,141.36,133.8,138.35,18.39,82.63,334.19,67,50.4,2.29
64.8000000000004,147.72,141.39,134.01,138.39,18.37,82.61,334.55,68,50.4,2.29
65.0000000000004,147.93,141.47,134.15,138.48,18.34,82.69,334.5,68,50.3,2.29
65.2000000000004,148.13,141.6,134.21,138.59,18.35,82.72,334.6,68,50.3,2.29
65.4000000000004,148.23,141.81,134.42,138.79,18.34,82.73,334.25,68,50.3,2.29
65.6000000000004,148.42,142.06,134.7,139.03,18.42,82.65,333.75,68,50.3,2.31
65.8000000000004,148.66,142.26,134.96,139.26,18.44,82.62,334.11,69,50.3,2.31
66.0000000000004,148.79,142.32,135.07,139.3,18.39,82.61,334.33,69,50.2,2.29
66.2000000000004,148.98,142.36,135.14,139.38,18.37,82.6,334.47,69,50.2,2.29
66.4000000000004,149.13,142.45,135.2,139.44,18.36,82.68,334.81,69,50.1,2.29
66.6000000000004,149.34,142.67,135.51,139.64,18.36,82.66,334.57,69,50.1,2.29
66.8000000000004,149.43,142.85,135.72,139.82,18.34,82.65,334.46,70,50.3,2.31
67.0000000000004,149.69,143.05,135.9,140.01,18.34,82.71,334.76,70,50.3,2.29
67.2000000000004,149.93,143.19,136.03,140.18,18.34,82.73,334.67,70,50.1,2.29
67.4000000000004,150.08,143.26,136.1,140.25,18.35,82.68,334.68,70,50.2,2.31
67.6000000000004,150.24,143.37,136.21,140.34,18.39,82.65,334.99,70,50.2,2.31
67.8000000000004,150.33,143.47,136.35,140.4,18.36,82.71,334.92,70,50.2,2.31
68.0000000000004,150.53,143.62,136.59,140.53,18.34,82.72,334.8,71,50.2,2.31
68.2000000000004,150.81,143.82,136.82,140.66,18.34,82.73,334.79,71,50,2.31
68.4000000000004,151.02,144,136.96,140.89,18.33,82.74,334.57,71,50,2.31
68.6000000000004,151.18,144.17,137.1,141.06,18.39,82.74,334,72,50.1,2.31
68.8000000000004,151.27,144.23,137.16,141.18,18.35,82.67,333.8,72,50.3,2.31
69.0000000000004,151.45,144.28,137.34,141.25,18.35,82.63,333.5,72,50.3,2.31
69.2000000000004,151.68,144.33,137.57,141.3,18.32,82.61,333.25,72,50.2,2.29
69.4000000000005,151.91,144.51,137.81,141.37,18.35,82.61,333.07,72,50.2,2.29
69.6000000000005,152.12,144.79,137.98,141.56,18.39,82.66,332.7,73,50.3,2.29
69.8000000000005,152.18,144.99,138.03,141.76,18.35,82.68,332.87,73,50.3,2.31
70.0000000000005,152.28,145.11,138.1,141.9,18.34,82.63,332.84,73,50.3,2.31
70.2000000000005,152.55,145.17,138.28,142.08,18.34,82.69,332.96,73,50.2,2.29
70.4000000000005,152.81,145.24,138.55,142.18,18.32,82.67,333.04,73,50.2,2.29
70.6000000000005,153.04,145.41,138.78,142.29,18.38,82.65,333.09,73,50.3,2.31
70.8000000000005,153.1,145.45,138.89,142.35,18.35,82.71,332.86,74,50.3,2.31
71.0000000000005,153.2,145.65,138.95,142.43,18.35,82.66,332.9,74,50.3,2.31
71.2000000000005,153.4,145.87,139.04,142.61,18.34,82.62,332.08,74,50.3,2.29
71.4000000000005,153.6,146.02,139.16,142.79,18.35,82.63,331.4,74,50.2,2.29
71.6000000000005,153.85,146.15,139.43,143,18.4,82.7,331.26,74,50.2,2.29
71.8000000000005,153.96,146.21,139.62,143.12,18.37,82.73,331.34,75,50.6,2.29
72.0000000000005,154.05,146.26,139.79,143.18,18.36,82.71,331.16,75,50.4,2.29
72.2000000000005,154.23,146.42,139.88,143.23,18.38,82.65,331.16,75,50.4,2.29
72.4000000000005,154.4,146.59,139.97,143.31,18.36,82.63,330.91,75,50.3,2.29
72.6000000000005,154.65,146.8,140.13,143.48,18.4,82.68,331.32,75,50.3,2.31
72.8000000000005,154.82,146.98,140.34,143.66,18.39,82.72,331.3,76,50.3,2.31
73.0000000000005,154.93,147.04,140.51,143.79,18.36,82.74,331.13,76,50.3,2.31
73.2000000000005,155.03,147.1,140.74,143.98,18.34,82.74,330.97,76,50.1,2.31
73.4000000000005,155.18,147.15,140.86,144.09,18.32,82.71,331.28,76,50.1,2.29
73.6000000000005,155.42,147.27,140.95,144.17,18.36,82.68,331.13,76,50.1,2.29
73.8000000000005,155.63,147.38,140.98,144.2,18.34,82.72,331.03,76,50.2,2.31
74.0000000000005,155.81,147.57,141.14,144.28,18.34,82.68,330.85,77,50.2,2.31
74.2000000000005,155.91,147.79,141.4,144.39,18.35,82.68,330.86,77,50.1,2.31
74.4000000000005,156.01,147.94,141.6,144.54,18.35,82.72,330.98,77,50.1,2.31
74.6000000000005,156.17,148.07,141.75,144.74,18.4,82.68,331.1,78,50.1,2.31
74.8000000000005,156.36,148.1,141.82,144.87,18.35,82.71,330.87,78,50.2,2.31
75.0000000000005,156.58,148.15,141.92,145.01,18.36,82.72,331.1,78,50.2,2.31
75.2000000000005,156.75,148.24,141.98,145.08,18.34,82.74,330.95,78,50.1,2.31
75.4000000000005,156.9,148.43,142.13,145.14,18.34,82.68,330.88,78,50.1,2.31
75.6000000000005,157.02,148.63,142.42,145.3,18.37,82.7,331.13,79,50,2.31
75.8000000000005,157.15,148.8,142.59,145.41,18.41,82.71,330.84,79,50,2.31
76.0000000000005,157.33,148.9,142.72,145.55,18.38,82.66,330.46,79,50.1,2.31
76.2000000000005,157.57,148.98,142.78,145.7,18.37,82.65,330.44,79,50,2.31
76.4000000000006,157.73,149.08,142.83,145.87,18.37,82.68,329.99,79,50,2.31
76.6000000000006,157.85,149.21,143.01,145.98,18.38,82.71,329.99,79,50,2.29
76.8000000000006,157.92,149.32,143.18,146.06,18.37,82.66,329.59,80,50,2.31
77.0000000000006,158.07,149.46,143.41,146.1,18.34,82.65,329.8,80,50.2,2.31
77.2000000000006,158.23,149.61,143.57,146.16,18.35,82.64,329.86,80,50.2,2.31
77.4000000000006,158.44,149.75,143.7,146.29,18.36,82.64,329.57,80,49.9,2.31
77.6000000000006,158.66,149.93,143.8,146.51,18.4,82.63,329.65,80,50.1,2.31
77.8000000000006,158.76,149.99,143.82,146.67,18.36,82.69,329.08,81,50.1,2.31
78.0000000000006,158.8,150.05,143.88,146.81,18.35,82.69,328.98,81,50,2.31
78.2000000000006,158.87,150.11,144.08,146.93,18.33,82.67,328.55,81,50,2.31
78.4000000000006,159.02,150.23,144.24,147.01,18.35,82.71,328.78,81,50,2.31
78.6000000000006,159.19,150.4,144.49,147.09,18.39,82.74,329.29,81,50,2.29
78.8000000000006,159.44,150.57,144.6,147.12,18.37,82.73,328.84,82,50.1,2.29
79.0000000000006,159.61,150.71,144.67,147.19,18.35,82.68,328.71,82,50,2.31
79.2000000000006,159.71,150.86,144.74,147.38,18.36,82.71,328.06,82,50,2.31
79.4000000000006,159.76,150.93,144.86,147.6,18.34,82.72,327.64,82,50,2.29
79.6000000000006,159.87,151.03,145.03,147.72,18.36,82.71,326.83,83,50,2.29
79.8000000000006,159.97,151.05,145.23,147.85,18.34,82.73,326.95,83,50.3,2.29
80.0000000000006,160.13,151.14,145.38,147.93,18.35,82.75,327.28,83,50.3,2.29
80.2000000000006,160.36,151.25,145.54,147.97,18.34,82.75,327.07,83,50.2,2.29
80.4000000000006,160.55,151.41,145.64,148.02,18.35,82.73,327.03,83,50,2.29
80.6000000000006,160.7,151.62,145.74,148.1,18.39,82.73,327.11,84,50,2.29
80.8000000000006,160.73,151.74,145.78,148.21,18.36,82.73,327.07,84,50.1,2.31
81.0000000000006,160.82,151.85,145.96,148.28,18.36,82.74,327.37,84,50.1,2.31
81.2000000000006,160.92,151.9,146.17,148.38,18.36,82.73,326.87,84,50.1,2.31
81.4000000000006,161.11,151.98,146.38,148.62,18.37,82.75,326.99,84,50.1,2.31
81.6000000000006,161.33,152.12,146.55,148.81,18.39,82.76,326.74,85,50.1,2.31
81.8000000000006,161.43,152.18,146.61,148.84,18.38,82.76,326.6,85,50.1,2.31
82.0000000000006,161.6,152.34,146.66,148.91,18.36,82.77,326.67,85,50.1,2.31
82.2000000000006,161.67,152.54,146.72,148.94,18.35,82.77,326.47,85,50.1,2.31
82.4000000000006,161.7,152.7,146.92,148.99,18.34,82.76,326.82,85,50.1,2.31
82.6000000000006,161.88,152.84,147.16,149.13,18.37,82.75,327.07,86,50,2.31
82.8000000000006,162.01,152.89,147.38,149.24,18.37,82.76,326.91,86,50,2.31
83.0000000000006,162.28,152.92,147.5,149.38,18.35,82.76,326.75,86,50.1,2.31
83.2000000000006,162.39,153,147.57,149.48,18.34,82.77,326.61,86,50.1,2.31
83.4000000000006,162.54,153.21,147.63,149.65,18.35,82.77,326.66,86,50.1,2.31
83.6000000000007,162.63,153.31,147.73,149.75,18.37,82.75,326.6,86,50,2.31
83.8000000000007,162.68,153.54,147.82,149.84,18.35,82.76,326.47,87,50,2.31
84.0000000000007,162.79,153.66,147.97,149.89,18.35,82.76,325.69,87,50.1,2.31
84.2000000000007,162.98,153.76,148.22,149.93,18.36,82.75,325.07,87,50.1,2.31
84.4000000000007,163.16,153.81,148.37,149.94,18.35,82.74,324.25,87,50,2.31
84.6000000000007,163.36,153.89,148.5,150.02,18.35,82.74,324.85,87,50.1,2.29
84.8000000000007,163.49,153.95,148.55,150.06,18.35,82.74,324.7,88,50.1,2.29
85.0000000000007,163.57,153.99,148.61,150.18,18.34,82.76,324.67,88,50.1,2.31
85.2000000000007,163.63,154.17,148.62,150.36,18.34,82.76,324.6,88,50.1,2.31
85.4000000000007,163.68,154.37,148.83,150.47,18.35,82.77,324.43,88,50,2.31
85.6000000000007,163.85,154.56,149.01,150.68,18.4,82.77,324.13,89,50,2.31
85.8000000000007,163.98,154.7,149.24,150.79,18.38,82.75,324.59,89,49.9,2.31
86.0000000000007,164.21,154.77,149.35,150.82,18.36,82.75,324.78,89,49.9,2.31
86.2000000000007,164.35,154.8,149.46,150.88,18.36,82.75,324.53,89,50,2.31
86.4000000000007,164.49,154.88,149.53,150.92,18.33,82.76,324.31,89,49.9,2.31
86.6000000000007,164.59,155.07,149.6,150.98,18.34,82.76,324.5,90,49.9,2.31
86.8000000000007,164.65,155.24,149.7,151.03,18.34,82.77,323.29,90,49.9,2.31
87.0000000000007,164.73,155.44,149.8,151.1,18.36,82.77,322.31,90,49.9,2.31
87.2000000000007,164.85,155.58,150.05,151.26,18.37,82.77,322.27,90,50.2,2.31
87.4000000000007,165.05,155.66,150.24,151.44,18.36,82.77,321.85,90,50.2,2.29
87.6000000000007,165.26,155.75,150.38,151.56,18.39,82.76,321.98,91,50,2.29
87.8000000000007,165.4,155.82,150.45,151.72,18.36,82.75,322.21,91,50.1,2.29
88.0000000000007,165.5,155.84,150.5,151.79,18.34,82.76,322.45,91,50.1,2.29
88.2000000000007,165.56,155.97,150.53,151.82,18.33,82.76,322.48,91,50.1,2.31
88.4000000000007,165.69,156.12,150.7,151.91,18.37,82.74,322.28,91,50.1,2.29
88.6000000000007,165.82,156.24,150.77,151.93,18.36,82.75,322.15,92,50,2.29
88.8000000000007,165.94,156.42,150.99,151.98,18.34,82.76,322.23,92,50,2.31
89.0000000000007,166.14,156.6,151.2,152.05,18.35,82.76,322.27,92,49.9,2.31
89.2000000000007,166.32,156.65,151.33,152.21,18.33,82.77,322.56,92,50,2.31
89.4000000000007,166.46,156.78,151.47,152.34,18.37,82.77,322.16,92,50,2.31
89.6000000000007,166.49,156.77,151.47,152.49,18.37,82.77,322.17,92,49.9,2.31
89.8000000000007,166.54,156.83,151.53,152.62,18.37,82.75,322.47,93,49.9,2.31
90.0000000000007,166.68,156.95,151.6,152.7,18.37,82.74,322.29,93,50,2.31
90.2000000000007,166.8,157.08,151.75,152.76,18.34,82.74,321.81,93,50,2.31
90.4000000000007,167.03,157.28,152.02,152.86,18.39,82.75,321.54,93,49.9,2.31
90.6000000000008,167.19,157.38,152.13,152.85,18.37,82.75,321.34,93,50,2.29
90.8000000000008,167.32,157.52,152.26,152.91,18.35,82.75,321.7,94,50,2.29
91.0000000000008,167.4,157.59,152.34,152.93,18.36,82.75,321.49,94,50.1,2.29
91.2000000000008,167.45,157.65,152.39,153.01,18.34,82.76,321.45,94,50.1,2.31
91.4000000000008,167.62,157.76,152.51,153.19,18.38,82.76,321.81,95,50.1,2.31
91.6000000000008,167.74,157.78,152.53,153.27,18.36,82.77,321.62,95,50.1,2.29
91.8000000000008,167.89,157.82,152.64,153.42,18.37,82.77,321.97,95,49.9,2.29
92.0000000000008,168.03,157.94,152.86,153.54,18.34,82.77,321.96,95,50,2.31
92.2000000000008,168.21,158.12,153.01,153.65,18.33,82.76,322.2,95,50,2.31
92.4000000000008,168.36,158.33,153.21,153.75,18.4,82.75,321.55,95,50.1,2.31
92.6000000000008,168.4,158.47,153.29,153.75,18.39,82.76,321.68,96,50.1,2.31
92.8000000000008,168.41,158.58,153.36,153.79,18.37,82.75,321.77,96,49.9,2.31
93.0000000000008,168.5,158.63,153.41,153.82,18.34,82.75,321.83,96,49.9,2.31
93.2000000000008,168.63,158.68,153.45,153.86,18.34,82.76,321.89,96,50,2.31
93.4000000000008,168.85,158.79,153.59,154.01,18.4,82.76,322.23,96,50,2.31
93.6000000000008,168.98,158.89,153.69,154.09,18.36,82.77,321.86,97,50,2.31
93.8000000000008,169.12,159.01,153.9,154.22,18.35,82.77,321.18,97,50,2.31
94.0000000000008,169.23,159.24,154.04,154.35,18.33,82.77,321.04,97,50,2.31
94.2000000000008,169.3,159.38,154.17,154.49,18.33,82.77,321.09,97,50.2,2.31
94.4000000000008,169.42,159.5,154.29,154.62,18.35,82.77,321.1,97,50.2,2.29
94.6000000000008,169.47,159.56,154.32,154.68,18.34,82.77,321.1,98,50.1,2.29
94.8000000000008,169.56,159.61,154.37,154.71,18.35,82.77,321.27,98,50,2.31
95.0000000000008,169.64,159.65,154.46,154.75,18.34,82.77,321.34,98,50,2.31
95.2000000000008,169.79,159.72,154.57,154.81,18.35,82.77,321.83,98,50,2.31
95.4000000000008,170,159.9,154.74,154.95,18.38,82.77,321.89,98,50,2.31
95.6000000000008,170.15,160.05,154.91,155.06,18.37,82.77,321.68,99,49.9,2.31
95.8000000000008,170.24,160.16,155.07,155.14,18.36,82.76,321.67,99,49.9,2.31
96.0000000000008,170.27,160.31,155.14,155.2,18.34,82.76,321.75,99,49.9,2.31
96.2000000000008,170.33,160.41,155.22,155.36,18.33,82.76,321.95,99,49.9,2.31
96.4000000000008,170.48,160.54,155.34,155.49,18.35,82.76,321.92,99,49.9,2.31
96.6000000000008,170.53,160.58,155.35,155.57,18.34,82.76,322.06,99,49.8,2.31
96.8000000000008,170.67,160.63,155.41,155.63,18.33,82.76,321.51,100,49.8,2.31
97.0000000000008,170.78,160.71,155.55,155.65,18.32,82.75,321.48,100,49.9,2.31
97.2000000000008,170.99,160.84,155.71,155.68,18.33,82.76,320.92,100,49.9,2.31
97.4000000000008,171.17,161.05,155.96,155.8,18.36,82.76,320.81,101,50,2.31
97.6000000000009,171.22,161.14,156.09,155.77,18.34,82.77,320.14,101,50,2.31
97.8000000000008,171.27,161.27,156.16,155.87,18.34,82.77,320.38,101,50,2.31
98.0000000000009,171.31,161.39,156.21,155.98,18.35,82.77,320.21,101,49.9,2.31
98.2000000000009,171.38,161.47,156.23,156.13,18.34,82.77,320.71,101,49.9,2.31
98.4000000000009,171.53,161.58,156.36,156.32,18.36,82.77,321.1,102,50.1,2.31
98.6000000000009,171.71,161.59,156.44,156.41,18.37,82.77,321.07,102,50.1,2.31
98.8000000000009,171.82,161.61,156.53,156.5,18.33,82.77,321.4,102,49.9,2.31
99.0000000000009,171.95,161.73,156.68,156.57,18.33,82.77,321.29,102,49.9,2.31
99.2000000000009,172.08,161.82,156.85,156.61,18.32,82.77,321.55,102,49.9,2.31
99.4000000000009,172.22,162.04,157.02,156.69,18.4,82.77,321.79,102,49.9,2.31
99.6000000000009,172.26,162.14,157.1,156.68,18.37,82.77,321.86,103,49.9,2.31
99.8000000000009,172.3,162.26,157.15,156.72,18.34,82.77,321.92,103,49.9,2.31
100.000000000001,172.34,162.37,157.2,156.8,18.34,82.77,321.45,103,49.9,2.31
100.200000000001,172.43,162.44,157.26,156.95,18.36,82.77,321.73,103,49.9,2.31
100.400000000001,172.67,162.53,157.4,157.13,18.39,82.77,321.58,103,50.1,2.31
100.600000000001,172.81,162.54,157.51,157.2,18.38,82.77,321.99,104,50.1,2.31
100.800000000001,172.88,162.57,157.61,157.32,18.36,82.77,322.12,104,49.9,2.31
101.000000000001,173.01,162.63,157.77,157.41,18.36,82.77,321.86,104,49.9,2.31
101.200000000001,173.11,162.74,157.94,157.52,18.34,82.77,322.19,104,50.1,2.31
101.400000000001,173.2,162.9,158.05,157.57,18.36,82.77,322.23,104,50.1,2.31
101.600000000001,173.23,163.09,158.11,157.62,18.34,82.77,322.24,105,50,2.31
101.800000000001,173.24,163.19,158.15,157.67,18.33,82.77,322.05,105,50,2.31
102.000000000001,173.3,163.29,158.19,157.68,18.32,82.77,321.99,105,49.9,2.31
102.200000000001,173.46,163.36,158.25,157.75,18.31,82.77,322.01,105,50.1,2.29
102.400000000001,173.68,163.46,158.39,157.92,18.36,82.77,321.81,105,50.1,2.29
102.600000000001,173.87,163.5,158.54,158.05,18.34,82.77,321.6,105,50.1,2.31
102.800000000001,173.93,163.55,158.64,158.21,18.36,82.77,321.59,106,50.1,2.29
103.000000000001,174.04,163.66,158.85,158.29,18.35,82.77,321.94,106,49.9,2.29
103.200000000001,174.11,163.75,158.96,158.4,18.34,82.77,321.97,106,49.9,2.29
103.400000000001,174.22,163.94,159.06,158.49,18.37,82.77,321.92,107,50,2.29
103.600000000001,174.23,164.1,159.1,158.53,18.34,82.77,322.2,107,50.1,2.31
103.800000000001,174.29,164.19,159.13,158.56,18.34,82.77,321.57,107,50.1,2.31
104.000000000001,174.33,164.3,159.16,158.6,18.34,82.77,321.72,107,50.1,2.29
104.200000000001,174.48,164.36,159.24,158.65,18.34,82.76,321.73,107,50.1,2.29
104.400000000001,174.67,164.44,159.39,158.79,18.36,82.74,322.29,108,50.1,2.29
104.600000000001,174.81,164.44,159.55,158.9,18.36,82.76,321.76,108,50.1,2.29
104.800000000001,174.93,164.51,159.68,158.97,18.36,82.76,321.49,108,50.1,2.29
105.000000000001,175.01,164.58,159.82,159.15,18.35,82.77,321.71,108,50.1,2.29
105.200000000001,175.1,164.65,159.95,159.28,18.35,82.77,321.74,108,50.1,2.29
105.400000000001,175.18,164.77,160.05,159.36,18.38,82.76,321.33,108,50.1,2.29
105.600000000001,175.18,164.93,160.08,159.43,18.36,82.75,321.35,109,50.1,2.29
105.800000000001,175.26,165.09,160.11,159.47,18.34,82.75,321.49,109,50.2,2.29
106.000000000001,175.41,165.19,160.14,159.52,18.35,82.76,321.91,109,50.2,2.29
106.200000000001,175.5,165.26,160.23,159.56,18.34,82.77,322,109,50.1,2.29
106.400000000001,175.73,165.34,160.38,159.66,18.36,82.76,321.64,109,50.2,2.29
106.600000000001,175.82,165.37,160.58,159.72,18.35,82.75,321.44,110,50.2,2.29
106.800000000001,175.94,165.4,160.73,159.81,18.35,82.76,321.81,110,50.1,2.29
107.000000000001,176.01,165.46,160.81,160.01,18.34,82.76,321.72,110,50.1,2.29
107.200000000001,176.06,165.54,160.92,160.14,18.32,82.77,321.31,110,50.1,2.29
107.400000000001,176.13,165.64,161.05,160.26,18.36,82.77,321.35,110,50.1,2.29
107.600000000001,176.14,165.78,161.05,160.33,18.35,82.77,321.45,111,50.2,2.29
107.800000000001,176.18,165.87,161.09,160.37,18.35,82.77,321.68,111,50,2.31
108.000000000001,176.26,166.03,161.19,160.42,18.33,82.77,321.94,111,50,2.31
108.200000000001,176.4,166.13,161.28,160.46,18.33,82.77,321.59,111,50.1,2.31
108.400000000001,176.6,166.21,161.48,160.53,18.38,82.77,322.16,112,50.1,2.31
108.600000000001,176.69,166.27,161.62,160.56,18.37,82.77,321.6,112,50.2,2.31
108.800000000001,176.84,166.3,161.73,160.6,18.37,82.77,321.73,112,50.2,2.31
109.000000000001,176.96,166.33,161.81,160.68,18.36,82.77,321.74,112,50,2.31
109.200000000001,176.99,166.38,161.91,160.81,18.33,82.77,322.06,112,50.1,2.31
109.400000000001,177.1,166.5,162.02,161,18.41,82.77,321.91,113,50.1,2.31
109.600000000001,177.1,166.57,162.03,161.11,18.37,82.77,321.9,113,50.2,2.31
109.800000000001,177.14,166.68,162.08,161.22,18.34,82.77,322.2,113,50.2,2.29
110.000000000001,177.24,166.75,162.15,161.3,18.32,82.77,322.03,113,50.1,2.29
110.200000000001,177.33,166.87,162.26,161.36,18.33,82.76,322.05,113,50.1,2.29
110.400000000001,177.54,167.03,162.43,161.43,18.37,82.75,321.81,114,50.1,2.29
110.600000000001,177.68,167.11,162.57,161.44,18.34,82.76,322.04,114,50.1,2.29
110.800000000001,177.75,167.2,162.74,161.46,18.36,82.77,322.38,114,50.1,2.29
111.000000000001,177.85,167.25,162.84,161.48,18.34,82.77,322.4,114,50.1,2.29
111.200000000001,177.94,167.27,162.89,161.55,18.35,82.77,322.25,114,50.1,2.29
111.400000000001,178.02,167.38,162.99,161.67,18.37,82.76,322.54,115,50,2.29
111.600000000001,178.03,167.38,163,161.8,18.34,82.76,322.84,115,50,2.31
111.800000000001,178.06,167.42,163.03,161.9,18.33,82.76,322.57,115,50.1,2.31
112.000000000001,178.11,167.48,163.07,162.04,18.35,82.77,322.19,115,50,2.29
112.200000000001,178.19,167.62,163.22,162.1,18.33,82.77,321.86,115,50,2.29
112.400000000001,178.35,167.77,163.39,162.27,18.37,82.77,322.22,115,50.2,2.29
112.600000000001,178.45,167.93,163.54,162.3,18.35,82.77,322.52,116,50.2,2.29
112.800000000001,178.65,168.04,163.69,162.35,18.33,82.77,322.56,116,50.2,2.29
113.000000000001,178.78,168.14,163.75,162.37,18.33,82.77,322.62,116,50.2,2.29
113.200000000001,178.84,168.17,163.83,162.41,18.33,82.77,322.31,116,50.1,2.29
113.400000000001,178.95,168.28,163.9,162.49,18.37,82.77,322.2,116,50.2,2.29
113.600000000001,178.94,168.27,163.92,162.53,18.35,82.77,321.55,117,50.2,2.29
113.800000000001,178.97,168.31,163.93,162.64,18.33,82.76,321.57,117,50.2,2.29
114.000000000001,179.03,168.33,163.95,162.7,18.34,82.75,321.76,117,50.2,2.29
114.200000000001,179.06,168.4,164.01,162.82,18.33,82.76,321.8,118,50.2,2.29
114.400000000001,179.21,168.54,164.11,163.02,18.39,82.77,321.83,118,50.2,2.29
114.600000000001,179.3,168.64,164.21,163.1,18.38,82.77,321.75,118,50.3,2.29
114.800000000001,179.47,168.81,164.35,163.19,18.33,82.77,321.87,118,50.3,2.29
115.000000000001,179.58,168.87,164.51,163.27,18.33,82.77,321.81,118,50.3,2.29
115.200000000001,179.68,169.04,164.64,163.29,18.34,82.77,322.42,118,50.1,2.29
115.400000000001,179.82,169.13,164.77,163.36,18.36,82.77,321.98,119,50.1,2.29
115.600000000001,179.87,169.16,164.83,163.38,18.35,82.77,321.33,119,50.1,2.29
115.800000000001,179.93,169.19,164.88,163.4,18.36,82.77,321.33,119,50.1,2.29
116.000000000001,179.95,169.2,164.91,163.45,18.35,82.75,321.05,119,50.4,2.29
116.200000000001,180,169.27,164.94,163.57,18.34,82.76,321.29,119,50.3,2.29
116.400000000001,180.1,169.38,165.02,163.69,18.36,82.76,321.43,120,50.3,2.29
116.600000000001,180.2,169.44,165.08,163.81,18.34,82.76,321.31,120,50.3,2.29
116.800000000001,180.25,169.52,165.14,163.81,18.33,82.77,321.56,120,50.3,2.29
117.000000000001,180.41,169.66,165.37,163.97,18.34,82.77,321.45,120,50.3,2.29
117.200000000001,180.56,169.77,165.53,164.12,18.34,82.77,321.04,120,50.3,2.29
117.400000000001,180.66,169.91,165.66,164.16,18.36,82.77,321.6,121,50.2,2.29
117.600000000001,180.76,170.02,165.73,164.24,18.34,82.77,322.1,121,50.2,2.29
117.800000000001,180.84,170.08,165.79,164.27,18.34,82.77,322.46,121,50.3,2.29
118.000000000001,180.89,170.12,165.82,164.29,18.33,82.77,322.52,121,50.3,2.29
118.200000000001,180.97,170.21,165.87,164.37,18.37,82.75,322.14,121,50.3,2.29
118.400000000001,181.02,170.24,165.94,164.38,18.34,82.75,322.38,121,50.1,2.29
118.600000000001,181.07,170.22,165.96,164.42,18.36,82.74,322.35,122,50.1,2.29
118.800000000001,181.18,170.26,166.07,164.49,18.32,82.75,321.93,122,50.3,2.29
119.000000000001,181.28,170.37,166.13,164.53,18.34,82.75,320,122,50.3,2.18
119.200000000001,181.41,170.5,166.25,164.64,18.35,82.76,317.45,123,39.2,2.18
